serial number,Spacers Order
1,"7, 6, 5, 4, 3, 2, 1"
2,"4, 3, 2, 1"
3,"7, 6, 5, 4, 2, 1"
4,"7, 6, 5, 1"
5,"24, 7, 6, 5, 4, 3, 2, 1"
6,"360, 6, 5, 5, 4, 359, 2, 1"
7,"440, 439, 438, 437, 437, 436, 435, 434, 433, 432, 6, 5, 5, 4, 3, 2, 1"
8,"10, 9, 8"
9,"294, 293, 292, 291, 68, 67, 66, 65, 64, 63, 62, 60, 59, 58, 57, 10, 9, 8"
10,"294, 293, 292, 291, 68, 67, 66, 65, 290, 289, 288, 287, 286, 60, 59, 58, 57, 10, 9, 8"
11,"16, 15, 14, 13, 12, 11"
12,"16, 13, 12, 11"
13,"16, 15, 14, 496, 13, 12, 11"
14,"23, 22, 21, 20, 19, 18, 17"
15,"20, 17, 194, 193, 192, 191, 190, 189, 188, 187, 186, 185, 184, 183, 182, 18, 17"
16,"23, 22, 21, 20, 19, 193, 192, 245, 244, 243, 191, 190, 189, 187, 186, 185, 184, 18, 17"
17,"23, 22, 21, 20, 19, 194, 193, 192, 245, 244, 243, 191, 190, 189, 187, 186, 185, 184, 18, 17"
18,"31, 30, 29, 28, 27, 26, 25"
19,"469, 468, 31, 30, 29, 28, 27, 26, 25"
20,"42, 41, 40, 39, 38, 37, 36, 35, 34, 33, 32"
21,"43, 42, 41, 40, 39, 38, 37, 36, 35, 34, 33, 32"
22,"43, 42, 41, 252, 34, 33, 32"
23,"43, 42, 41, 252, 251, 250, 67, 249, 248, 34, 33, 32"
24,"52, 51, 50, 49, 48, 47, 46, 45, 44"
25,"68, 67, 66, 65, 64, 63, 62, 61, 60, 59, 58, 57, 10, 9, 8, 56, 55, 54, 53"
26,"68, 67, 66, 65, 64, 9, 8, 56, 55, 54, 53"
27,"513, 512, 511, 510, 509, 508, 507, 506, 505, 504, 503, 398, 287, 57, 10, 9, 56, 55, 54, 53"
28,"513, 523, 522, 512, 511, 510, 521, 509, 508, 507, 506, 505, 504, 503, 398, 287, 57, 10, 9, 56, 55, 54, 53"
29,"406, 405, 404, 403, 402, 401, 400, 399, 398, 397, 397, 287, 286, 61, 60, 396, 395, 57, 10, 9, 56, 55, 54, 53"
30,"68, 67, 66, 65, 64, 63, 62, 61, 54, 53"
31,"406, 405, 404, 403, 402, 401, 399, 524, 452, 451, 10, 9, 56, 55, 53"
32,"78, 77, 76, 75, 74, 73, 72, 71, 70, 70, 69"
33,"91, 90, 89, 88, 88, 87, 391, 86, 85, 84, 83, 82, 81, 80, 79"
34,"147, 146, 145, 144, 143, 142, 141, 140, 448, 139, 138, 137, 136, 135, 134"
35,"273, 272, 137, 136, 135, 134"
36,"147, 146, 145, 144, 350, 143, 142, 272, 137, 136, 135, 134"
37,"146, 145, 144, 350, 143, 142, 141, 140, 448, 139, 138, 273, 272, 137, 136, 135, 134"
38,"147, 146, 145, 144, 350, 143, 142, 141, 140, 448, 139, 138, 273, 272, 137, 136, 135, 134"
39,"147, 146, 145, 144, 350, 142, 141, 140, 448, 139, 138, 273, 272, 137, 136, 135, 134"
40,"134, 135, 136, 137, 272, 273, 138, 140, 141, 142, 145, 146, 147"
41,"145, 144, 350, 143, 140, 448, 139, 273, 272, 137, 136, 135, 134"
42,"147, 146, 145, 144, 350, 143, 140, 448, 139, 273, 272, 137, 136, 135, 134"
43,"91, 90, 394, 393, 89, 88, 87, 391, 85, 392, 136, 135, 134"
44,"91, 90, 394, 393, 88, 87, 391, 85, 136, 135, 134"
45,"147, 146, 144, 135, 143, 140, 448, 136, 135, 134"
46,"240, 239, 238, 237, 236, 230, 229, 235, 228, 227, 225, 223, 222, 221, 220, 219, 218, 217, 217, 216, 215, 214, 213, 212, 211, 210, 135, 134"
47,"234, 233, 232, 231, 230, 229, 228, 227, 226, 225, 224, 223, 222, 221, 220, 219, 218, 217, 216, 215, 214, 213, 212, 211, 210, 135, 134"
48,"358, 357, 356, 355, 354, 353, 352, 351, 240, 239, 238, 237, 236, 230, 229, 217, 216, 215, 214, 213, 212, 211, 210, 135, 134"
49,"285, 284, 283, 282, 281, 224, 223, 222, 221, 220, 219, 218, 217, 216, 214, 212, 211, 210, 135, 134"
50,"181, 180, 179, 178, 177, 176, 175, 174, 173, 172, 171, 170, 169, 168, 167, 2, 166, 165, 164, 163, 162, 161, 160, 159, 158, 157, 156, 155, 154, 153, 152, 151, 150, 149, 148"
51,"148, 152, 153, 154, 155, 37, 39, 455, 456, 457, 458, 397, 459, 460, 461, 462, 463, 464, 465, 466, 467"
52,"308, 307, 306, 305, 304, 303, 302, 301, 300, 299, 298, 297, 296, 295, 150"
53,"520, 519, 518, 517, 516, 515, 195, 45, 39, 37, 155, 154, 152"
54,"320, 319, 318, 317, 316, 315, 314, 313, 312, 311, 310, 309, 92"
55,"92, 407, 408, 278, 409, 410, 411, 412, 413"
56,"280, 279, 278, 277, 98, 97, 276, 275, 274, 514, 92"
57,"209, 133, 132, 131, 130, 129, 128, 127, 126, 126, 125, 124, 123, 122, 121, 94, 93, 514, 92"
58,"209, 133, 132, 131, 130, 129, 128, 127, 126, 125, 124, 123, 122, 121, 94, 93, 514, 92"
59,"133, 132, 131, 130, 129, 128, 127, 126, 125, 124, 123, 122, 121, 94, 93, 514, 92"
60,"209, 133, 132, 131, 130, 129, 128, 127, 126, 124, 123, 122, 121, 94, 93, 514, 92"
61,"131, 130, 129, 128, 127, 126, 122, 121, 94, 93, 514, 92"
62,"209, 133, 132, 131, 130, 129, 128, 121, 94, 93, 514, 92"
63,"120, 119, 118, 117, 116, 115, 114, 113, 112, 111, 110, 109, 108, 107, 106, 105, 104, 103, 102, 101, 100, 99, 98, 97, 96, 95, 94, 93, 514, 92"
64,"120, 119, 118, 117, 116, 115, 114, 113, 112, 111, 110, 109, 108, 106, 105, 104, 103, 102, 101, 100, 99, 98, 97, 96, 95, 94, 93, 514, 92"
65,"120, 119, 118, 117, 116, 115, 114, 113, 112, 111, 110, 109, 108, 107, 106, 105, 104, 103, 102, 101, 100, 97, 96, 95, 94, 93, 514, 92"
66,"377, 376, 375, 374, 373, 372, 371, 370, 369, 368, 367, 366, 365, 364, 363, 362, 362, 361, 254, 253, 102"
67,"377, 376, 375, 374, 373, 372, 371, 370, 369, 368, 367, 366, 365, 364, 363, 362, 361, 254, 253, 102"
68,"447, 446, 445, 444, 397, 443, 442, 371, 370, 365, 364, 441, 363, 362, 361, 254, 253, 253, 102"
69,"447, 446, 445, 444, 397, 374, 443, 442, 373, 362, 361, 254, 253, 253, 102"
70,"208, 207, 206, 205, 204, 203, 202, 200, 201, 200, 199, 198, 197, 196, 195"
71,"208, 207, 206, 199, 196, 195"
72,"247, 246, 22, 21, 20, 19, 194, 193, 192, 245, 244, 243, 243, 242, 241"
73,"271, 227, 270, 269, 268, 267, 266, 265, 264, 263, 262, 261, 260, 259, 258, 257, 256, 255, 254, 253"
74,"349, 348, 347, 390, 346, 345, 344, 343, 342, 341, 340, 339, 229, 338, 337, 336, 335, 334, 333, 332, 331, 330, 329, 328, 327, 326, 325, 324, 323, 322, 321"
75,"349, 348, 347, 346, 345, 344, 343, 342, 341, 340, 339, 338, 337, 336, 335, 334, 333, 332, 331, 330, 329, 328, 327, 326, 325, 324, 323, 322, 321"
76,"349, 348, 347, 390, 346, 345, 344, 328, 327, 326, 324, 323, 322, 321"
77,"502, 501, 500, 348, 499, 498, 347, 390, 346, 346, 345, 344, 343, 342, 341, 497, 340, 339, 229, 337, 336, 335, 334, 333, 332, 331, 330, 329, 329, 328, 327, 322, 321"
78,"78, 77, 76, 75, 74, 73, 72, 71, 70, 69"
79,"431, 430, 429, 428, 427, 426, 425, 424, 423, 422, 421, 420, 419, 418, 417, 44, 416, 150, 415, 414"
80,"449, 450, 451, 452, 453, 454"
81,"481, 480, 479, 478, 11, 477, 476, 475, 474, 472, 472, 471, 470"
82,"495, 494, 493, 492, 491, 490, 489, 488, 487, 486, 485, 484, 486, 476, 475, 474, 472, 472, 471, 470"
83,"546, 545, 544, 543, 542, 541, 341, 540, 539, 538, 537, 536, 45, 44, 148"
84,"208, 207, 206, 205, 204, 203, 202, 200, 201, 200, 199, 195"
85,"349, 348, 347, 390, 346, 345, 344, 343, 342, 341, 339, 328, 327, 326, 325, 324, 323, 321"
86,"499, 498, 346, 345, 344, 343, 342, 341, 497, 340, 339, 229, 338, 337, 336, 324, 323, 557, 556, 322, 321"
87,"502, 501, 500, 348, 499, 498, 347, 390, 346, 346, 345, 344, 343, 342, 341, 497, 340, 339, 229, 338, 337, 336, 335, 334, 333, 332, 331, 330, 329, 328, 327, 322, 321"
88,"555, 554, 553, 552, 551, 550, 549, 548, 547, 479, 478, 477, 476, 475, 474, 473, 472, 471, 470"
89,"406, 405, 404, 403, 402, 401, 400, 399, 524, 452, 54, 53"
90,"406, 405, 404, 403, 402, 401, 400, 399, 524, 452, 451, 398, 397, 397, 287, 286, 61, 396, 395, 57, 10, 9, 56, 55, 54, 53"
91,"599, 598, 587, 586, 595, 594, 593, 592, 591, 590, 589, 588, 587, 586, 585, 584, 583, 582, 581, 580, 579, 578, 65, 64, 63, 287, 10, 9, 56, 55, 54, 53"
92,"513, 523, 522, 512, 511, 510, 521, 509, 508, 507, 506, 505, 504, 503, 398, 287, 57, 10, 9, 56, 55, 54"
93,"196, 577, 195, 45, 39, 37, 155, 153, 535, 534, 533, 532, 531, 530, 529, 528, 527, 526, 525"
94,"78, 77, 76, 623, 622, 621, 620, 75, 74, 73, 72, 71, 70, 69"
95,"565, 564, 563, 562, 561, 560, 559, 558, 93, 514, 92"
96,"120, 119, 118, 117, 116, 115, 114, 113, 112, 111, 110, 109, 108, 107, 106, 105, 104, 103, 102, 101, 100, 99, 98, 97, 96, 98, 94, 93, 514, 92"
97,"209, 133, 132, 131, 130, 129, 128, 127, 125, 124, 123, 122, 121, 94, 93, 514, 92"
98,"209, 133, 132, 131, 130, 127, 126, 125, 124, 123, 122, 121, 94, 93, 514, 92"
99,"385, 384, 383, 278, 277, 382, 381, 380, 379, 378, 514, 92"
100,"646, 645, 644, 643, 642, 641, 640, 639, 638, 68, 637, 636, 635, 634, 633, 632, 631, 630, 629, 628, 627, 626, 625, 606, 624, 275, 274, 514, 92"
101,"57, 10, 9, 8, 56, 55, 54, 53, 66, 65, 64, 63, 62, 61, 60, 59"
102,"377, 376, 375, 374, 373, 372, 371, 370, 369, 102"
103,"23, 22, 20, 19, 194, 193, 192, 245, 244, 243, 191, 190, 189, 187, 186, 185, 184, 18, 17"
104,"406, 405, 404, 400, 399, 524, 452, 451, 398, 397, 397, 287, 286, 61, 396, 395, 57, 10, 9, 56, 55, 54, 53"
105,"147, 145, 144, 350, 143, 142, 141, 140, 448, 139, 138, 273, 272, 137, 136, 135, 134"
106,"146, 145, 144, 350, 140, 448, 139, 138, 273, 272, 137, 136, 135, 134"
107,"385, 674, 673, 672, 136, 135, 134"
108,"662, 661, 349, 660, 659, 658, 657, 656, 655, 654, 653, 652, 651, 650, 649, 648, 647, 135, 134"
109,"386, 387, 388, 389"
110,"466, 465, 464, 463, 462, 152, 148"
111,"671, 670, 204, 669, 668, 667, 666, 665, 664, 663, 465, 464, 458, 457, 455, 39, 37, 155, 154, 152, 148"
112,"567, 566, 417, 44, 416, 150, 415, 414, 430, 429, 428, 427, 426, 425, 424, 423, 422, 421, 420, 419"
113,"576, 575, 574, 573, 572, 571, 570, 544, 569, 568, 475, 473, 472, 482, 471, 470"
114,"619, 618, 617, 616, 615, 519, 518, 614, 613, 515, 195, 45, 612, 611, 610, 609, 608, 607, 606, 605, 604, 603, 602, 601, 600"
115,"43, 42, 43, 42, 41, 252, 251, 250, 67, 249, 248, 34, 33, 32"
116,"553, 552, 550, 549, 548, 547, 479, 478, 11, 477, 476, 475, 474, 473, 472, 471, 470"
117,"294, 293, 292, 291, 68, 67, 66, 65, 290, 289, 288, 397, 287, 286, 61, 60, 59, 58, 57, 10, 9, 8"
118,"68, 67, 66, 65, 64, 63, 62, 61, 60, 59, 58, 9, 8, 56, 55, 54, 53"
119,"386, 387, 388, 389, 685, 684, 683, 682, 136, 681, 680"
120,"678, 58, 677, 676, 675"
121,"120, 119, 118, 117, 116, 115, 114, 113, 112, 111, 110, 109, 679, 108, 107, 106, 105, 104, 103, 102, 101, 100, 99, 98, 97, 96, 95, 94, 93, 514, 92"
122,"553, 552, 551, 550, 549, 548, 547, 474, 473, 472, 471, 470"
123,"406, 405, 402, 401, 400, 399, 524, 452, 54, 53"
124,"20, 19, 194, 193, 192, 191, 190, 189, 188, 187, 186, 185, 184, 183, 182, 18, 17"
125,"720, 719, 718, 717, 716, 715, 19, 194, 193, 192, 244, 243, 187, 186, 184, 183, 182, 18, 714, 713, 712, 711, 710, 17"
126,"709, 708, 707, 375, 706, 374, 443, 442, 373, 371, 370, 365, 253, 253, 102"
127,"454, 453, 452, 451, 450, 449"
128,"246, 22, 19, 194, 193, 192, 245, 244, 243, 191, 190, 184, 183, 182, 18, 17"
129,"705, 704, 703, 702, 701, 456, 455, 700, 699, 698, 697, 696, 695, 694, 693, 692, 691, 690, 689, 688, 443, 687, 686, 613, 197, 196, 577, 195, 45, 39, 37, 155, 152, 148"
130,"740, 739, 738, 737"
131,"447, 446, 397, 374, 443, 442, 373, 371, 370, 365, 364, 441, 363, 362, 361, 254, 253, 108"
132,"748, 252, 251, 250, 47, 249, 747, 746, 40, 39, 38, 37, 36, 745, 744, 743, 742, 741, 151, 148"
133,"736, 735, 734, 733, 732, 731, 730, 729, 728, 727, 726, 725, 724, 723, 722, 721"
134,"266, 265, 258, 257, 256, 255, 254, 253"
135,"147, 146, 145, 144, 140, 448, 139, 138, 273, 272, 137, 136, 135, 134"
136,"6, 5, 4, 3, 2, 3, 1"
137,"766, 765, 764, 763, 762, 761, 760, 759, 758, 757, 756, 755, 754, 753, 752, 751, 750, 749, 416, 150, 414"
138,"5, 4, 3, 2, 1"
139,"6, 7, 5, 4, 3, 2, 1"
140,"6, 5"
141,"3, 2, 3, 1"
142,"6, 7, 5, 4, 3, 1"
143,"147, 146, 145, 144, 350, 143, 140, 448, 139, 273, 272, 137, 136, 135"
144,"147, 146, 145, 141, 140, 448, 139, 137, 136, 135"
145,"147, 144, 140, 448, 139, 138, 273, 272, 137, 136, 135, 134"
146,"209, 125, 124, 123, 122, 121, 94, 93, 514, 92"
147,"767, 768, 769, 770, 771, 772, 773, 774, 775, 776, 777, 778"
148,"120, 119, 118, 117, 116, 115, 114, 113, 111, 110, 109, 108, 107, 106, 105, 104, 103, 102, 101, 100, 99, 98, 97, 96, 95, 94, 93, 514, 92"
149,"209, 133, 132, 131, 130, 129, 128, 127, 126, 126, 125, 124, 122, 121, 94, 93, 514, 92"
150,"132, 131, 130, 129, 128, 127, 126, 125, 124, 123, 122, 121, 94, 93, 514, 92"
151,"209, 133, 126, 125, 124, 123, 122, 121, 94, 93, 514, 92"
152,"209, 133, 132, 131, 130, 129, 128, 127, 126, 126, 125, 124, 123, 122, 121, 93, 514, 92"
153,"779, 780, 781, 782, 783, 684, 784, 785, 786, 35, 248, 787, 34, 33, 32"
154,"147, 146, 145, 144, 143, 142, 141, 140, 448, 139, 138, 137, 136, 135"
155,"385, 674, 789, 788, 672, 136, 135, 134"
156,"234, 233, 232, 226, 225, 224, 223, 222, 221, 220, 219, 218, 217, 216, 215, 214, 213, 212, 211, 210, 135, 134"
157,"23, 22, 21, 20, 17"
158,"91, 90, 394, 393, 89, 88, 88, 87, 391, 86, 790, 85, 84, 83, 392, 136, 135, 134"
159,"246, 22, 21, 19, 194, 193, 192, 245, 244, 243, 191, 190, 189, 188, 187, 186"
160,"120, 119, 118, 115, 114, 113, 112, 111, 110, 109, 108, 107, 102, 101, 100, 99, 98, 97, 96, 95, 94, 93, 514, 92"
161,"393, 89, 88, 87, 391, 86, 790, 85, 84, 83, 136, 135, 134"
162,"398, 287, 286, 61, 396, 395, 57, 10, 9, 56, 55, 54, 53"
163,"43, 42, 41, 252, 251, 250, 791, 249, 248, 34, 33, 32"
164,"147, 146, 145, 144, 143, 142, 141, 140, 448, 138, 273, 272, 137, 136, 135"
165,"91, 90, 394, 393, 88, 87, 391, 85, 392, 136, 135, 134"
166,"792, 793, 439, 438, 437, 437, 436, 435, 434, 433, 432, 6, 5, 5, 4, 3, 2, 1"
167,"720, 719, 718, 717, 716, 715, 19, 193, 192, 244, 243, 191, 190, 189, 188, 187, 186, 184, 183, 182, 18, 714, 713, 712, 711, 710, 17"
168,"78, 77, 76, 75, 74, 73, 72, 794, 69"
169,"7, 6, 5, 3, 2, 1"
170,"819, 818, 817, 816, 815, 814, 813, 812, 811, 810, 809, 808, 807, 806, 805, 804, 803, 802, 801, 800, 799, 798, 797, 796, 795"
171,"565, 564, 563, 562, 561, 560, 820, 93, 514, 92"
172,"7, 5, 4, 3, 2, 1"
173,"294, 293, 292, 291, 68, 67, 66, 65, 290, 289, 288, 397, 287, 286, 60, 59, 58, 57, 10, 9, 8"
174,"349, 348, 347, 346, 345, 344, 343, 342, 341, 340, 339, 229, 338, 337, 336, 335, 334, 333, 332, 331, 330, 329, 328, 327, 326, 325, 324, 323, 322, 321"
175,"513, 523, 522"
176,"181, 180, 179, 178, 177, 176, 175, 174, 173, 172, 171, 170, 169, 168, 167, 821, 166, 165, 164, 163, 162, 161, 160, 159, 158, 157, 156, 155, 154, 153, 152, 151, 150, 149, 148"
177,"147, 146, 144, 350, 143, 140, 448, 136, 135, 134"
178,"147, 146, 145, 144, 143, 142, 141, 140, 448, 138, 273, 272, 137, 136, 135, 134"
179,"52, 51, 50, 49, 48, 822, 823, 824, 47, 46, 825, 624, 826, 827, 828, 829, 830, 831, 832, 833, 834, 536, 835, 45, 44"
180,"91, 90, 89, 88, 88, 87, 391, 86, 85, 84, 83, 80, 79"
181,"385, 674, 788, 672, 136, 135, 134"
182,"91, 88, 87, 391, 86, 392, 136, 135, 134"
183,"91, 90, 89, 88, 88, 88, 87, 391, 86, 85, 84, 83, 80, 79"
184,"23, 22, 21, 20, 19, 194, 193, 192, 245, 244, 243, 191, 189, 187, 186, 185, 184, 18, 17"
185,"120, 119, 118, 117, 116, 115, 114, 113, 112, 111, 110, 109, 679, 108, 107, 105, 104, 103, 102, 101, 100, 99, 98, 97, 96, 95, 94, 93, 514, 92"
186,"91, 90, 89, 88, 87, 391, 86, 85, 84, 83, 80, 79"
187,"24, 7, 4, 3, 2, 1"
188,"120, 119, 118, 117, 115, 114, 113, 111, 110, 109, 108, 107, 106, 105, 104, 103, 102, 101, 100, 99, 98, 97, 96, 95, 94, 93, 514, 92"
189,"385, 674, 789, 673, 672, 136, 135, 134"
190,"7, 6, 4"
191,"889, 888, 887, 886, 885, 884, 883, 882, 881, 880, 879, 878, 877, 876, 875, 874, 873, 872, 871, 870, 869, 868, 867, 866, 865, 864, 863, 862, 861, 860, 859, 858, 857, 856, 855, 854, 853, 852, 851, 850, 849, 848, 847, 846, 845, 844, 843, 842, 841, 840, 839, 262, 261, 838, 260, 733, 838, 260, 733, 837, 836, 258, 257, 256, 253, 102"
192,"890, 891, 892, 893, 894, 895, 896, 897, 140, 448, 139, 898, 899, 900, 901, 902, 903, 137, 136, 135"
193,"578, 63, 62, 904, 905, 906, 907, 290, 288, 397, 59, 58, 57, 10, 9, 8, 56, 55, 54, 53"
194,"709, 708, 253, 102"
195,"481, 480, 479, 478, 11, 477, 476, 475, 474, 473, 472, 471, 470"
196,"908, 909, 910, 911, 912, 913, 897, 914, 915, 916, 449"
197,"917, 20, 19, 194, 193, 192, 245, 244, 243, 191, 190, 189, 188, 186, 185, 184, 183, 182, 18, 714, 713, 712, 711, 710, 17"
198,"120, 119, 118, 117, 116, 115, 114, 113, 112, 111, 110, 109, 108, 107, 106, 105, 104, 103, 102, 101, 100, 99, 98, 97, 96, 95, 94, 93, 92"
199,"11, 924, 923, 922, 921, 920, 919, 918"
200,"385, 672, 136, 135, 134"
201,"11, 924, 923, 922, 921, 920, 919, 918, 69"
202,"23, 22, 21, 20, 19, 194, 193, 192, 244, 243, 191, 189, 187, 186, 185, 184, 18, 17"
203,"709, 708, 707, 375, 706, 374, 443, 442, 373, 372, 371, 370, 365, 253"
204,"792, 793, 440, 439, 438, 437, 437, 436, 435, 434, 433, 432, 6, 5, 5, 4, 3, 2, 1"
205,"147, 146, 145, 144, 350, 143, 273, 272, 137, 136, 135, 134"
206,"925, 926, 873, 927, 928, 92"
207,"23, 21, 20, 19, 194, 193, 192, 245, 244, 243, 191, 190, 189, 187, 186, 185, 184, 18, 17"
208,"234, 233, 232, 231, 230, 229, 228, 227, 226, 225, 224, 223, 222, 221, 220, 219, 218, 217, 216, 215, 212, 211, 210, 135, 134"
209,"413, 412, 411, 410, 408, 407, 92"
210,"66, 65, 64, 63, 62, 61, 60, 59, 58, 57, 10, 9, 8, 56, 55, 54, 53"
211,"889, 888, 887, 886, 885, 884, 883, 882, 881, 876, 875, 874, 873, 872, 871, 870, 869, 868, 867, 866, 865, 864, 863, 862, 861, 860, 859, 858, 857, 856, 855, 854, 853, 852, 851, 850, 849, 848, 847, 846, 845, 844, 843, 842, 841, 840, 839, 262, 261, 838, 260, 733, 838, 260, 733, 259, 837, 836, 258, 257, 256, 253, 102"
212,"929, 930, 931, 932, 933, 934, 935, 936, 937, 938, 939, 726, 940, 941, 942, 943, 944, 945, 946, 947, 948"
213,"120, 119, 118, 117, 116, 115, 114, 113, 112, 111, 110, 109, 108, 107, 106, 105, 104, 103, 102, 101, 99, 98, 97, 96, 95, 94, 93, 514, 92"
214,"6, 5, 4, 3, 2, 1"
215,"120, 119, 118, 117, 116, 115, 114, 113, 112, 111, 110, 109, 108, 107, 106, 105, 104, 103, 102, 101, 100, 99, 98, 96, 95, 94, 93, 514, 92"
216,"120, 119, 118, 117, 110, 109, 108, 107, 106, 105, 104, 103, 102, 101, 100, 99, 98, 97, 96, 95, 94, 93, 514, 92"
217,"120, 119, 118, 117, 110, 109, 108, 114, 113, 112"
218,"52, 51, 50, 46, 45, 44"
219,"447, 446, 445, 444, 371, 370, 365, 364, 441, 363, 362, 361, 254, 253, 253, 102"
220,"889, 888, 887, 886, 885, 884, 883, 882, 881, 880, 879, 878, 877, 876, 875, 874, 873, 872, 871, 870, 869, 868, 867, 866, 865, 864, 863, 862, 861, 860, 859, 858, 857, 856, 855, 854, 853, 852, 851, 850, 849, 848, 847, 846, 845, 844, 843, 842, 841, 840, 839, 262, 261, 838, 260, 733, 838, 260, 733, 259, 837, 836, 258, 257, 256, 253, 102"
221,"209, 122, 121, 94, 93, 514, 92"
222,"130, 129, 128, 127, 126, 125, 124, 123, 122, 121, 94, 93, 514, 92"
223,"6, 5, 4, 3, 359, 2, 1"
224,"249, 248, 34, 33, 32"
225,"208, 207, 206, 198, 197, 196, 195"
226,"23, 22, 21, 20, 19, 194, 193, 192, 244, 243, 191, 190, 189, 187, 186, 185, 184, 18, 17"
227,"209, 133, 132, 131, 130, 129, 128, 127, 126, 125, 124, 122, 121, 94, 93, 514, 92"
228,"513, 523, 522, 512, 511, 510, 509, 508, 507, 506, 505, 504, 503, 398, 507, 506, 505, 504, 503, 398, 287, 57, 10, 9, 56, 55, 54, 53"
229,"7, 4, 3, 2, 1"
230,"467, 466, 465, 464, 463, 462, 461, 460, 459, 397, 458, 457, 456, 455, 39, 37, 155, 154, 153, 152, 148"
231,"956, 955, 954, 953, 952, 951, 251, 727, 950, 250, 791, 249, 684, 785, 37, 36, 949, 35, 248, 787, 33, 32"
232,"118, 117, 116, 115, 114, 113, 112, 111, 110, 109, 679, 108, 107, 106, 105, 104, 103, 102, 101, 100, 99, 98, 97, 96, 95, 94, 93, 514, 92"
233,"957, 958, 959, 960, 961, 962, 963, 964, 965, 915, 916, 966, 967, 450, 449"
234,"120, 119, 118, 116, 115, 114, 113, 112, 111, 110, 109, 108, 107, 106, 105, 104, 103, 102, 101, 100, 99, 98, 97, 96, 95, 94, 93, 514, 92"
235,"377, 376, 375, 374, 373, 372, 371, 369, 368, 367, 366, 365, 362, 361, 102"
236,"968, 405, 404, 400, 399, 524, 53"
